-- INSERT Statements for Mock Data Generated by ChatGPT
USE youth_group_program;
-- =========================
-- STUDENTS
-- =========================
INSERT INTO student (FirstName, LastName, Grade) VALUES
                                                     ('Emma',   'Johnson',  '7th'),   -- Id 1
                                                     ('Liam',   'Johnson',  '9th'),   -- Id 2
                                                     ('Ava',    'Martinez', '6th'),   -- Id 3
                                                     ('Noah',   'Martinez', '8th'),   -- Id 4
                                                     ('Olivia', 'Lee',      '10th'),  -- Id 5
                                                     ('Mason',  'Lee',      '12th'),  -- Id 6
                                                     ('Sophia', 'Kim',      '5th'),   -- Id 7
                                                     ('Jacob',  'Kim',      '7th'),   -- Id 8
                                                     ('Ethan',  'Davis',    '11th'),  -- Id 9
                                                     ('Mia',    'Davis',    '9th'),   -- Id 10
                                                     ('Lucas',  'Brown',    '8th'),   -- Id 11
                                                     ('Harper', 'Wilson',   '6th');   -- Id 12

-- =========================
-- PARENTS / GUARDIANS
-- =========================
INSERT INTO parent_guardian (FirstName, LastName, Relationship, Email, Phone) VALUES
                                                                                  ('Sarah',   'Johnson',  'Mother',   'sarah.johnson@example.com',   '8055551001'), -- Id 1
                                                                                  ('Mark',    'Johnson',  'Father',   'mark.johnson@example.com',    '8055551002'), -- Id 2
                                                                                  ('Elena',   'Martinez', 'Mother',   'elena.martinez@example.com',  '8055551003'), -- Id 3
                                                                                  ('Carlos',  'Martinez', 'Father',   'carlos.martinez@example.com', '8055551004'), -- Id 4
                                                                                  ('Grace',   'Lee',      'Mother',   'grace.lee@example.com',       '8055551005'), -- Id 5
                                                                                  ('Daniel',  'Lee',      'Father',   'daniel.lee@example.com',      '8055551006'), -- Id 6
                                                                                  ('Hannah',  'Kim',      'Mother',   'hannah.kim@example.com',      '8055551007'), -- Id 7
                                                                                  ('Peter',   'Kim',      'Father',   'peter.kim@example.com',       '8055551008'), -- Id 8
                                                                                  ('Laura',   'Davis',    'Mother',   'laura.davis@example.com',     '8055551009'), -- Id 9
                                                                                  ('Michael', 'Davis',    'Father',   'michael.davis@example.com',   '8055551010'), -- Id 10
                                                                                  ('Rachel',  'Brown',    'Mother',   'rachel.brown@example.com',    '8055551011'), -- Id 11
                                                                                  ('Natalie', 'Wilson',   'Guardian', 'natalie.wilson@example.com',  '8055551012'); -- Id 12

-- =========================
-- FAMILY LINKS (MANY-TO-MANY)
-- =========================
-- Johnson kids: Emma (1), Liam (2)
INSERT INTO family (StudentID, ParentID) VALUES
                                             (1, 1), (1, 2),
                                             (2, 1), (2, 2),

-- Martinez kids: Ava (3), Noah (4)
                                             (3, 3), (3, 4),
                                             (4, 3), (4, 4),

-- Lee kids: Olivia (5), Mason (6)
                                             (5, 5), (5, 6),
                                             (6, 5), (6, 6),

-- Kim kids: Sophia (7), Jacob (8)
                                             (7, 7), (7, 8),
                                             (8, 7), (8, 8),

-- Davis kids: Ethan (9), Mia (10)
                                             (9, 9), (9, 10),
                                             (10, 9), (10, 10),

-- Brown: Lucas (11) with single parent Rachel (11)
                                             (11, 11),

-- Wilson: Harper (12) with guardian Natalie (12)
                                             (12, 12);

-- =========================
-- SMALL GROUPS (ONE PER GRADE)
-- =========================
INSERT INTO small_group (Grade) VALUES
                                    ('5th'),  -- Id 1
                                    ('6th'),  -- Id 2
                                    ('7th'),  -- Id 3
                                    ('8th'),  -- Id 4
                                    ('9th'),  -- Id 5
                                    ('10th'), -- Id 6
                                    ('11th'), -- Id 7
                                    ('12th'); -- Id 8

-- =========================
-- SMALL GROUP SIGN-UPS
-- =========================
-- Sign-up dates: start of fall semester
INSERT INTO sign_up (StudentID, SmallGroupID, SignUpDate) VALUES
                                                              (7,  1, '2024-09-01'), -- Sophia, 5th
                                                              (3,  2, '2024-09-01'), -- Ava, 6th
                                                              (12, 2, '2024-09-02'), -- Harper, 6th
                                                              (1,  3, '2024-09-01'), -- Emma, 7th
                                                              (8,  3, '2024-09-02'), -- Jacob, 7th
                                                              (4,  4, '2024-09-01'), -- Noah, 8th
                                                              (11, 4, '2024-09-02'), -- Lucas, 8th
                                                              (2,  5, '2024-09-01'), -- Liam, 9th
                                                              (10, 5, '2024-09-02'), -- Mia, 9th
                                                              (5,  6, '2024-09-03'), -- Olivia, 10th
                                                              (9,  7, '2024-09-03'), -- Ethan, 11th
                                                              (6,  8, '2024-09-03'); -- Mason, 12th

-- =========================
-- SMALL GROUP LEADERS
-- =========================
INSERT INTO leader (SmallGroupID, FirstName, LastName) VALUES
                                                           (1, 'Emily',  'Nguyen'),  -- leads 5th grade
                                                           (2, 'Joshua', 'Reed'),    -- 6th
                                                           (3, 'Lauren', 'Parker'),  -- 7th
                                                           (4, 'David',  'Chen'),    -- 8th
                                                           (5, 'Megan',  'Lopez'),   -- 9th
                                                           (6, 'Ryan',   'Scott'),   -- 10th
                                                           (7, 'Brian',  'Hill'),    -- 11th
                                                           (8, 'Katie',  'Baker');   -- 12th

-- =========================
-- WEEKLY GATHERINGS
-- (two weeks of meetings per group, early Fall 2024)
-- =========================
INSERT INTO weekly_gathering (SmallGroupID, MeetingTime, Notes) VALUES
-- 5th grade
(1, '2024-09-10 18:00:00', '5th grade kickoff night with games and pizza'),
(1, '2024-09-17 18:00:00', 'Lesson on kindness and including others'),

-- 6th grade
(2, '2024-09-10 18:00:00', '6th grade welcome and icebreakers'),
(2, '2024-09-17 18:00:00', 'Discussion on transitions to middle school'),

-- 7th grade
(3, '2024-09-11 18:30:00', '7th grade kickoff and small group bonding'),
(3, '2024-09-18 18:30:00', 'Talk on friendship and encouragement'),

-- 8th grade
(4, '2024-09-11 18:30:00', '8th grade intro and worship night'),
(4, '2024-09-18 18:30:00', 'Service project brainstorming'),

-- 9th grade
(5, '2024-09-12 19:00:00', 'High school kickoff for 9th graders'),
(5, '2024-09-19 19:00:00', 'Testimony night and prayer time');

-- At this point, weekly_gathering.Id values:
-- 1..10 in the order inserted above.

-- =========================
-- WEEKLY ATTENDANCE
-- (link students to the gatherings for their grade)
-- =========================
INSERT INTO weekly_attendance (StudentID, WeeklyGatheringID) VALUES
-- 5th grade (Sophia)
(7, 1),
(7, 2),

-- 6th grade (Ava, Harper)
(3, 3),
(12, 3),
(3, 4),
(12, 4),

-- 7th grade (Emma, Jacob)
(1, 5),
(8, 5),
(1, 6),
(8, 6),

-- 8th grade (Noah, Lucas)
(4, 7),
(11, 7),
(4, 8),
(11, 8),

-- 9th grade (Liam, Mia)
(2, 9),
(10, 9),
(2, 10),
(10, 10);

-- =========================
-- EVENTS
-- =========================
INSERT INTO event (Description, Address) VALUES
                                             ('Fall Retreat 2024',        '123 Camp Road, Santa Barbara, CA 93101'),  -- Id 1
                                             ('City Serve Day',           '456 Hope Street, Santa Barbara, CA 93102'), -- Id 2
                                             ('Christmas Party 2024',     '789 Church Avenue, Santa Barbara, CA 93103'); -- Id 3

-- =========================
-- EVENT REGISTRATIONS
-- =========================
INSERT INTO registration (StudentID, EventID, SignUpDate) VALUES
-- Fall Retreat 2024 (Event 1)
(1,  1, '2024-09-20'), -- Emma
(2,  1, '2024-09-21'), -- Liam
(3,  1, '2024-09-25'), -- Ava
(4,  1, '2024-09-25'), -- Noah
(5,  1, '2024-09-28'), -- Olivia
(6,  1, '2024-09-28'), -- Mason

-- City Serve Day (Event 2)
(1,  2, '2024-10-15'), -- Emma
(9,  2, '2024-10-16'), -- Ethan
(10, 2, '2024-10-18'), -- Mia

-- Christmas Party 2024 (Event 3)
(2,  3, '2024-11-20'), -- Liam
(7,  3, '2024-11-22'), -- Sophia
(8,  3, '2024-11-22'), -- Jacob
(11, 3, '2024-11-25'), -- Lucas
(12, 3, '2024-11-25'); -- Harper

-- After insertion, registration.Id values will be 1..14 in order.

-- =========================
-- CHECK-INS
-- Assume:
--   Fall Retreat    on 2024-10-05 17:00
--   City Serve Day  on 2024-11-02 09:00
--   Christmas Party on 2024-12-15 18:30
-- A couple of students are no-shows (CheckedIN = FALSE).
-- =========================
INSERT INTO check_in (RegistrationID, CheckedIN, TimeIn) VALUES
-- Fall Retreat (Event 1) - everyone shows up
(1,  TRUE, '2024-10-05 16:45:00'),
(2,  TRUE, '2024-10-05 16:50:00'),
(3,  TRUE, '2024-10-05 16:40:00'),
(4,  TRUE, '2024-10-05 16:55:00'),
(5,  TRUE, '2024-10-05 16:35:00'),
(6,  TRUE, '2024-10-05 16:52:00'),

-- City Serve Day (Event 2) - Mia is a no-show
(7,  TRUE,  '2024-11-02 08:50:00'), -- Emma
(8,  TRUE,  '2024-11-02 08:55:00'), -- Ethan
(9,  FALSE, NULL),                  -- Mia registered but didn’t check in

-- Christmas Party (Event 3) - Liam & Sophia show, others mixed
(10, TRUE,  '2024-12-15 18:20:00'), -- Liam
(11, TRUE,  '2024-12-15 18:25:00'), -- Sophia
(12, TRUE,  '2024-12-15 18:22:00'), -- Jacob
(13, FALSE, NULL),                  -- Lucas no-show
(14, TRUE,  '2024-12-15 18:28:00'); -- Harper

-- =========================
-- VOLUNTEERS
-- =========================
INSERT INTO volunteer (FirstName, LastName, Email, Phone) VALUES
                                                              ('James',  'Miller',  'james.miller@example.com',  '8055552001'), -- Id 1
                                                              ('Olivia', 'Perez',   'olivia.perez@example.com',  '8055552002'), -- Id 2
                                                              ('Nathan', 'King',    'nathan.king@example.com',   '8055552003'), -- Id 3
                                                              ('Chloe',  'Adams',   'chloe.adams@example.com',   '8055552004'); -- Id 4

-- =========================
-- VOLUNTEER LOG
-- (who helped at which event, and with which students)
-- =========================
INSERT INTO volunteer_log (VolunteerID, EventID, StudentID) VALUES
-- Fall Retreat (Event 1)
(1, 1, 1),  -- James with Emma
(1, 1, 2),  -- James with Liam
(2, 1, 3),  -- Olivia with Ava
(2, 1, 4),  -- Olivia with Noah
(2, 1, 5),  -- Olivia with Olivia Lee
(1, 1, 6),  -- James with Mason

-- City Serve Day (Event 2)
(3, 2, 1),  -- Nathan supervising Emma
(3, 2, 9),  -- Nathan supervising Ethan

-- Christmas Party (Event 3)
(4, 3, 2),  -- Chloe with Liam
(4, 3, 7),  -- Chloe with Sophia
(4, 3, 8),  -- Chloe with Jacob
(3, 3, 12); -- Nathan helping Harper